distance,speed,brake_pressure
29.50053802,56.19728344,9.175256118